IntegerID,CodePredictions
olivi personalisiert notizbuch seiten punktrast ca din rosen-design ,10
journal art ndeg art march salon art asiat paris jacqu barrer francois perri reform vent encher publiqu sna fet cent ,2280
grand stylet ergonom bleu gamepad nintendo wii speedlink pilot styl ,50
peluch donald europ disneyland marionnet doigt ,1280
guerr tuqu ,2705
afriqu contemporain ndeg hiv dossi japon afriqu ,2280
christof bildungsprozess spur ,10
conquer sept cahi couvertur polypro mm pag sey incolor ,2522
puzzl scooby-doo post piec ,1280
tent pli -pro pvc blanc longueur largeur blanc ,2582
eam inspired sxw chair pink black ,1560
fauteuil chesterfield brenton cuir buffl vert empir ,1560
peaceabl kingdom bear hide find stack block game year old ,1281
pair voilag imprim fantais ,1920
matel memoir form cm tre ferm dehouss houss lavabl zon confort noyau pol lattex hr dernier gener tre respir ,1560
zenith pinc agraf ndeg color noir ,2522
walt scott oeuvr complet tom ,2403
mod podg dishwash saf gloss oz ,2522
pow rang roug forc mystic figurin transform cm ,1140
mond illustr ndeg emprunt victoir angleterr meeting guildhall lloyd georg bonar law mac ken conferent ally briand barrer general palitzin ,2280
kit desinfect piscin enfant ,2583
glitter beach barbi barbi ,1280
seigneur anneau figurin plomb peindr socl sam ,1180
vehicul star a-ast ,1140
min wif cam dron rc quadcopt ghz ch -ax gyro ufo fpv rc cocoworld-gener ,1300
dsi chargeur sacoch jeux ,2462
model voitur pc alliag metall jant rou traxx trx hsp scx rc voitur ,1280
faber-castel lot crayon couleur polychromos min mm huil vert emeraud ,2522
univer ndeg franc paris septembr lac protest joseph ,2280
dragon ball sup bt c- premiss peur peu commun ,1160
lamp lectur recharge led lamp beaut lamp protect yeux lamp froid col cygn lamp modern lamp bureau recharge ,2060
x-men movi ,40
caget rang happy lif cm beig ,1560
lindner coin case nera xl tray black coin insert rectangular compart coins/coin capsul mm ,2522
lord ring ,40
decor noel christm snowman kitchen tabl chair cov holiday hom decor ,2060
spot encastr orient blanc gu led eqv blanc froid ,2060
nouveau echel alloy min pull back voituret club diecast jouet model vehicul ,1280
pc decor coussin independ styl jet cov tai oreil ,1920
boue gonflabl riv tub oogarden ,2583
min consol jeux doubl joueur bit consol jeux video enfanc jeux classiqu av family tv controleur jeux retro ,60
presentoir biscuit chocolat ,1180
pilot mr stylo plum moyen design crocodil noir/bleu ,2522
non toxiqu effac slim coul beau melang nuag slim relief enfant jouet stress ,1280
diagramm ndeg siecl petrol j. guillerm claude-henr rocquet ,2280
rideau oeillet plastiqu polyest uni essentiel lin cm ,1920
vassivier -en-limousin jardin art lieu memoir ,10
shin masoukishin panz warfar import jap ,40
dragon ball ser francais ,1160
pc premium baton bracelet neon light glowing party favor rally raf cocoworld ,1280
jeu pc cd-rom aztec ,40
one piec log `` impel parti `` ,2403
mot plus long ,1281
testeur electron ph ,2583
fate/zero lot mang tom ,2403
moakoad ab congel teeth sensoriel jouet mois beb ,1280
regard voleur pass ,2705
lot livr gran peintr ,2403
pomp filtrat speck badu ,2583
moakoad body wrap peau autocoll decal dji phantom pro pro dron controller-gener ,1300
pc mobili poupe pot fleur plastiqu decor jardin accessoir maison poupe jouet cadeau enfant fill magideal ,1280
lot pf marque-pag illustr vintag enfant amour ,2403
largo pousset combine parasol sieg auto pousset cann accessoir cosmiqu noir crem ,1320
-ax wif fpv dron mp cam terre-air-saut mod assembl deform uap -gener ,1300
astralcom cv mono dab surpresseur piscin ,2583
lot prefiltr jetabl pani skimm marin ,2583
magnet europ paris ,1140
happy halloween sorcier accueil stick mural amovibl art decor stick mural shen ,2060
franc illustre ndeg doux far-nient ,2280
encycloped universal vol ,2403
piscin gonflabl pulveris form tortu cm ,2583
xbox one gig avc jeux manet ,2462
lamp star lamp neon sabr las ,1140
pot marin eda diametr cm rub ,2582
lot livr partit hector apprent musicien vol debed martin van veld ,2403
repons tout ,2280
ml halloween head ghost melang nuag slim putty parfume stress enfant clay toy ,1280
boit savon metal collect moulin roug cabaret goulu paris ,2060
crochet plafond crochet coup vi crochet suspendus plant tass ustensil cuisin pc fournitur cuisin ,1560
squish ador pingouin squeez rising slow crem parfume stress relief jouet ,1302
controleur jeu mobil tir sensibl joystick poigne gamepad pubg ,50
maquett avion protect silicon cover case lanyard dji osmo pocket handheld gimbal sci wh-generiqu ,1300
distributeur nourritur tx ,2220
vinyl autocoll mur stick hom decor chambr ramadan kareem ramadan islam_c ,2060
bach hiv piscin toledo gr/m2 bleu ,2583
lot chais sall mang styl industriel factory metal gris cd ,1560
xbox elit noir go jeux manet micro ,2462
sac couvertur bouteil bier decor maison party banquet independent day fournitur cuisin ,1560
hello kitti ugli doll ox plush ,1280
trodat lot casset encreur rechang tampon violet ,2522
idrasoft sxt marqu idrani categor adoucisseur eau ,2583
bach piscin bleu rectangulair pe cm bleu ,2583
coussin peluch canap taill coussin throw cov hom decor coussin cas cov ,1920
lego -le maneg sous-marin friend jeux construct multicolor ,1280
herm lot protege-cahi format pp bleu transparent ,2522
magasin zhufuwm english alphabet coussin imprim coussin fleur tai couvertur chambr decor ,1920
voic ndeg marion cotillard fil marcel jennif aniston arturo brachet luc ferry ycar interview barbar morel robb william jad foret kim kardashian kris humphr ,2403
carnet bloc-not cahierl yeux form fleur pourpr cr cultur illustr carnet travail classiqu support papi cadeau tissu ,2522
bobbl head pop ndeg bever key necklac ,1140
pc haut gamm vaissel couvert aci inoxyd couvert fourchet cuiller ,1560
